"last.name","first.name","state","district","party","gender","nameid","icpsr.id","missingVotes","idealPoint","lo","up","label"
"Aderholt","Robert","AL","4","R","M","A000055","29701",52,0.84648506885964,0.690688046096338,0.991450547597555,"Aderholt (R AL-4)"
"Alexander","Rodney","LA","5","R","M","A000361","20327",255,0.615622223824245,0.498323059507782,0.735223378631108,"Alexander (R LA-5)"
"Amash","Justin","MI","3","R","M","A000367",NA,4,0.529144312865408,0.438196960094256,0.631098436721311,"Amash (R MI-3)"
"Amodei","Mark","NV","2","R","M","A000369",NA,69,0.855191392438486,0.711012174974601,1.00457666298844,"Amodei (R NV-2)"
"Andrews","Robert","NJ","1","D","M","A000210","15802",41,-0.96369422212414,-1.10243151871734,-0.836272911666072,"Andrews (D NJ-1)"
"Bachmann","Michele","MN","6","R","F","B001256","20728",52,0.890506083563222,0.742270330799646,1.0366637703498,"Bachmann (R MN-6)"
"Bachus","Spencer","AL","6","R","M","B000013","29301",12,0.673483053853467,0.551637807191356,0.788673842725166,"Bachus (R AL-6)"
"Barber","Ron","AZ","2","D","M","B001279",NA,28,-0.289011112033987,-0.356140622626675,-0.213607911179244,"Barber (D AZ-2)"
"Barletta","Lou","PA","11","R","M","B001269",NA,25,0.625591113965251,0.514099334982822,0.743023745827525,"Barletta (R PA-11)"
"Barr","Andy","KY","6","R","M","B001282",NA,6,1.01363127133779,0.838290508221068,1.19320475673594,"Barr (R KY-6)"
"Barrow","John","GA","12","D","M","B001252","20507",3,-0.191854193254303,-0.262882889972639,-0.128308090212611,"Barrow (D GA-12)"
"Barton","Joe","TX","6","R","M","B000213","15202",37,0.833969308068943,0.688429501849376,0.97266807529657,"Barton (R TX-6)"
"Bass","Karen","CA","37","D","F","B001270",NA,74,-1.64892738828174,-1.96151591542525,-1.38939414627404,"Bass (D CA-37)"
"Beatty","Joyce","OH","3","D","F","B001281",NA,20,-1.22706125342893,-1.41960811851968,-1.0533800084494,"Beatty (D OH-3)"
"Becerra","Xavier","CA","34","D","M","B000287","29316",23,-1.79688793730416,-2.09119716850319,-1.45386685736058,"Becerra (D CA-34)"
"Benishek","Dan","MI","1","R","M","B001271",NA,9,0.739081795303407,0.613717191135562,0.869384310018116,"Benishek (R MI-1)"
"Bentivolio","Kerry","MI","11","R","M","B001280",NA,6,0.995650862332964,0.821961108256742,1.15412834269699,"Bentivolio (R MI-11)"
"Bera","Ami","CA","7","D","M","B001287",NA,6,-0.570538336141248,-0.651588234370959,-0.482366040281549,"Bera (D CA-7)"
"Bilirakis","Gus","FL","12","R","M","B001257",NA,17,0.816428592304204,0.671771347496247,0.953700405915932,"Bilirakis (R FL-12)"
"Bishop","Timothy","NY","1","D","M","B001242","20338",9,-0.888569160534601,-1.00618772080082,-0.763546738678252,"Bishop (D NY-1)"
"Bishop","Rob","UT","1","R","M","B001250","20357",38,1.01619808165284,0.851988976209963,1.19258519589875,"Bishop (R UT-1)"
"Bishop Jr.","Sanford","GA","2","D","M","B000490","29339",52,-0.456592612200308,-0.529602783287706,-0.377391890994221,"Bishop Jr. (D GA-2)"
"Black","Diane","TN","6","R","F","B001273",NA,14,1.11568114325891,0.919656098626912,1.30375038086414,"Black (R TN-6)"
"Blackburn","Marsha","TN","7","R","F","B001243","20351",28,1.20923614783273,1.00419092145036,1.44550689745293,"Blackburn (R TN-7)"
"Blumenauer","Earl","OR","3","D","M","B000574","29588",53,-1.14056659678481,-1.29645671010165,-0.974284300269605,"Blumenauer (D OR-3)"
"Boehner","John","OH","8","R","M","B000589","15806",710,0.653032440451051,0.393400184132268,0.947533576250763,"Boehner (R OH-8)"
"Bonamici","Suzanne","OR","1","D","F","B001278",NA,5,-1.21199757293701,-1.38584334912151,-1.03333044037901,"Bonamici (D OR-1)"
"Bonner","Jo","AL","1","R","M","B001244","20300",319,0.726885192816875,0.5814598334185,0.859257374024391,"Bonner (R AL-1)"
"Boustany Jr.","Charles","LA","3","R","M","B001255","20514",7,0.824570041539637,0.692634028393916,0.970509313773674,"Boustany Jr. (R LA-3)"
"Brady","Robert","PA","1","D","M","B001227","29777",15,-1.11883050170921,-1.28447148228588,-0.969280303217232,"Brady (D PA-1)"
"Brady","Kevin","TX","8","R","M","B000755","29760",22,1.05382365326529,0.874885077166353,1.23532429880296,"Brady (R TX-8)"
"Braley","Bruce","IA","1","D","M","B001259","20719",24,-0.684758672846768,-0.787780305428018,-0.596507671125524,"Braley (D IA-1)"
"Bridenstine","Jim","OK","1","R","M","B001283",NA,9,0.966404234080101,0.813877709233942,1.12706334947135,"Bridenstine (R OK-1)"
"Brooks","Mo","AL","5","R","M","B001274",NA,12,0.930295778250165,0.768800962278711,1.07581383339167,"Brooks (R AL-5)"
"Brooks","Susan","IN","5","R","F","B001284",NA,4,0.891154137576565,0.738497754982517,1.05201484301761,"Brooks (R IN-5)"
"Broun","Paul","GA","10","R","M","B001262","20753",28,0.657690977243443,0.548652101686726,0.766933150797255,"Broun (R GA-10)"
"Brown","Corrine","FL","5","D","F","B000911","29328",49,-1.05134280650202,-1.20563819951288,-0.89074075101847,"Brown (D FL-5)"
"Brownley","Julia","CA","26","D","F","B001285",NA,6,-0.768701363113018,-0.870880943325496,-0.660083407383974,"Brownley (D CA-26)"
"Buchanan","Vern","FL","16","R","M","B001260","20709",42,0.68935518753035,0.567719534118061,0.805757108433281,"Buchanan (R FL-16)"
"Bucshon","Larry","IN","8","R","M","B001275",NA,16,1.04402966265075,0.852233045719561,1.21439082248276,"Bucshon (R IN-8)"
"Burgess","Michael","TX","26","R","M","B001248","20355",21,1.02782131751218,0.848045704745919,1.19939702195445,"Burgess (R TX-26)"
"Bustos","Cheri","IL","17","D","F","B001286",NA,23,-0.529271003859271,-0.612991355529409,-0.442908022775362,"Bustos (D IL-17)"
"Butterfield","G.","NC","1","D","M","B001251","20340",45,-0.946570840184899,-1.08071816364193,-0.815904224922414,"Butterfield (D NC-1)"
"Byrne","Bradley","AL","1","R","M","B001289","",643,1.1350389529088,0.481793214692769,1.76718846678688,"Byrne (R AL-1)"
"Calvert","Ken","CA","42","R","M","C000059","29323",14,0.684575350146055,0.561482754139895,0.803584373473772,"Calvert (R CA-42)"
"Camp","Dave","MI","4","R","M","C000071","15808",9,0.816647578513919,0.670929487968713,0.952471170029508,"Camp (R MI-4)"
"Campbell","John","CA","45","R","M","C001064","20539",341,1.11490902026438,0.86139390822484,1.33564999832208,"Campbell (R CA-45)"
"Cantor","Eric","VA","7","R","M","C001046","20144",27,0.95394487029078,0.790974029743574,1.10990903527836,"Cantor (R VA-7)"
"Capito","Shelley","WV","2","R","F","C001047","20146",4,0.618686177877163,0.50451772144464,0.74156006875119,"Capito (R WV-2)"
"Capps","Lois","CA","24","D","F","C001036","29774",13,-1.05897075372232,-1.22310121800965,-0.915611067756416,"Capps (D CA-24)"
"Capuano","Michael","MA","7","D","M","C001037","29919",28,-1.33241095795448,-1.55144396135667,-1.13726434361299,"Capuano (D MA-7)"
"Cardenas","Tony","CA","29","D","M","C001097",NA,54,-0.872093041565299,-0.989695839743391,-0.743941056238935,"Cardenas (D CA-29)"
"Carney","John","DE","1","D","M","C001083",NA,14,-0.778907916632964,-0.881662867883887,-0.673766006728346,"Carney (D DE-1)"
"Carson","André","IN","7","D","M","C001072",NA,15,-0.949551825271125,-1.07285169992422,-0.815658515910497,"Carson (D IN-7)"
"Carter","John","TX","31","R","M","C001051","20356",42,0.832527826463688,0.681139821653991,0.960264858245183,"Carter (R TX-31)"
"Cartwright","Matt","PA","17","D","M","C001090",NA,9,-1.26733482269169,-1.46674796322133,-1.06659835524269,"Cartwright (D PA-17)"
"Cassidy","Bill","LA","6","R","M","C001075",NA,27,0.769262086974277,0.64591983961321,0.909634806865326,"Cassidy (R LA-6)"
"Castor","Kathy","FL","14","D","F","C001066","20708",39,-1.15799231589184,-1.32831593195741,-0.978192272892626,"Castor (D FL-14)"
"Castro","Joaquin","TX","20","D","M","C001091",NA,39,-0.926244497862399,-1.06075954190426,-0.803349283478181,"Castro (D TX-20)"
"Chabot","Steven","OH","1","R","M","C000266","29550",4,1.27916192980679,1.05962441385573,1.51381931786866,"Chabot (R OH-1)"
"Chaffetz","Jason","UT","3","R","M","C001076",NA,28,0.908414054302311,0.764244316926134,1.06404948774112,"Chaffetz (R UT-3)"
"Chu","Judy","CA","27","D","F","C001080",NA,40,-1.58426498599067,-1.86120669263586,-1.30755653169056,"Chu (D CA-27)"
"Cicilline","David","RI","1","D","M","C001084",NA,23,-1.21951082429403,-1.40510772030335,-1.02961269046105,"Cicilline (D RI-1)"
"Clark","Katherine","MA","5","D","F","C001101","",638,-1.64755122711176,-2.61219354040557,-0.997636182028849,"Clark (D MA-5)"
"Clarke","Yvette","NY","9","D","F","C001067","20733",37,-1.4755877665326,-1.70951455815522,-1.21852782385153,"Clarke (D NY-9)"
"Clay","William","MO","1","D","M","C001049","20147",40,-1.05638542782218,-1.20201198327255,-0.898770532954158,"Clay (D MO-1)"
"Cleaver II","Emanuel","MO","5","D","M","C001061","20517",78,-0.986591864163601,-1.13272366742935,-0.848211043727396,"Cleaver II (D MO-5)"
"Clyburn","James","SC","6","D","M","C000537","39301",59,-0.924144193339337,-1.06766751868934,-0.803913331919378,"Clyburn (D SC-6)"
"Coble","Howard","NC","6","R","M","C000556","15209",95,0.822047638232388,0.674898950310776,0.965226953530718,"Coble (R NC-6)"
"Coffman","Mike","CO","6","R","M","C001077",NA,8,0.704045894657369,0.591724567574857,0.833878244468148,"Coffman (R CO-6)"
"Cohen","Steve","TN","9","D","M","C001068","20748",22,-1.42291398112731,-1.62984126489056,-1.18044829887173,"Cohen (D TN-9)"
"Cole","Tom","OK","4","R","M","C001053","20344",41,0.62017858475675,0.500673570031741,0.730566289352052,"Cole (R OK-4)"
"Collins","Doug","GA","9","R","M","C001093",NA,38,1.21143334799156,1.01068712446625,1.42901330704396,"Collins (R GA-9)"
"Collins","Chris","NY","27","R","M","C001092",NA,10,0.73381428784583,0.60764475629126,0.859011449245353,"Collins (R NY-27)"
"Conaway","K.","TX","11","R","M","C001062","20531",12,1.12049548918453,0.922095219107058,1.30337494036479,"Conaway (R TX-11)"
"Connolly","Gerald","VA","11","D","M","C001078",NA,12,-0.879840951371521,-0.995937676612821,-0.755473151024036,"Connolly (D VA-11)"
"Conyers Jr.","John","MI","13","D","M","C000714","10713",40,-1.46288617561687,-1.70692588734741,-1.24206325366426,"Conyers Jr. (D MI-13)"
"Cook","Paul","CA","8","R","M","C001094",NA,12,0.666142992202098,0.543718045689544,0.785786056497082,"Cook (R CA-8)"
"Cooper","Jim","TN","5","D","M","C000754","15018",20,-0.547592031970565,-0.626455720408081,-0.458634045649206,"Cooper (D TN-5)"
"Costa","Jim","CA","16","D","M","C001059","20501",46,-0.265942197050565,-0.33858237753673,-0.196613429253458,"Costa (D CA-16)"
"Cotton","Tom","AR","4","R","M","C001095",NA,8,1.04706449716375,0.878196875801356,1.21668483585357,"Cotton (R AR-4)"
"Courtney","Joe","CT","2","D","M","C001069","20706",15,-0.902677972269272,-1.02562483297075,-0.776791196153855,"Courtney (D CT-2)"
"Cramer","Kevin","ND","1","R","M","C001096",NA,37,0.641181657617889,0.524321948259622,0.756496609863473,"Cramer (R ND-1)"
"Crawford","Rick","AR","1","R","M","C001087",NA,29,0.776283310346256,0.644791360984544,0.903968695630396,"Crawford (R AR-1)"
"Crenshaw","Ander","FL","4","R","M","C001045","20111",33,0.651932965674752,0.531982136073078,0.771506072100886,"Crenshaw (R FL-4)"
"Crowley","Joseph","NY","14","D","M","C001038","29925",16,-1.31566010002424,-1.51651588057714,-1.11800866456777,"Crowley (D NY-14)"
"Cuellar","Henry","TX","28","D","M","C001063","20533",4,-0.328341646291998,-0.399302159134143,-0.257595039007686,"Cuellar (D TX-28)"
"Culberson","John","TX","7","R","M","C001048","20139",102,0.918755742985382,0.758546223086269,1.06692309780527,"Culberson (R TX-7)"
"Cummings","Elijah","MD","7","D","M","C000984","29587",28,-1.39988668820011,-1.64902036130877,-1.17270922440651,"Cummings (D MD-7)"
"Daines","Steve","MT","1","R","M","D000618",NA,13,0.913122750911045,0.764057214083837,1.07056515679601,"Daines (R MT-1)"
"Davis","Susan","CA","53","D","F","D000598","20108",24,-1.14184666074903,-1.3106620322502,-0.975238986374809,"Davis (D CA-53)"
"Davis","Danny","IL","7","D","M","D000096","29717",50,-1.17871255663611,-1.34792944040628,-1.00956590628005,"Davis (D IL-7)"
"Davis","Rodney","IL","13","R","M","D000619",NA,19,0.623351139372508,0.517525942785517,0.73565255491564,"Davis (R IL-13)"
"DeFazio","Peter","OR","4","D","M","D000191","15409",25,-0.900889560158374,-1.01705835332301,-0.777498336819192,"DeFazio (D OR-4)"
"DeGette","Diana","CO","1","D","F","D000197","29710",52,-1.28796758031981,-1.49386772227008,-1.07243209014685,"DeGette (D CO-1)"
"DeLauro","Rosa","CT","3","D","F","D000216","15813",31,-1.23594754025926,-1.43053931027044,-1.03668763508686,"DeLauro (D CT-3)"
"DeSantis","Ron","FL","6","R","M","D000621",NA,6,1.09590259223192,0.913117223696723,1.28665632036175,"DeSantis (R FL-6)"
"DelBene","Suzan","WA","1","D","F","D000617",NA,5,-0.723246649442294,-0.822008003448726,-0.621626256945809,"DelBene (D WA-1)"
"Delaney","John","MD","6","D","M","D000620",NA,15,-0.744536752741968,-0.851065233249349,-0.645022895745543,"Delaney (D MD-6)"
"Denham","Jeffrey","CA","10","R","M","D000612",NA,7,0.612815350998382,0.505336554194105,0.723174096968866,"Denham (R CA-10)"
"Dent","Charlie","PA","15","R","M","D000604","20526",3,0.505990576817587,0.407044040945409,0.594410766076407,"Dent (R PA-15)"
"DesJarlais","Scott","TN","4","R","M","D000616",NA,15,1.04131009743702,0.876142023678022,1.23197810872566,"DesJarlais (R TN-4)"
"Deutch","Ted","FL","21","D","M","D000610",NA,28,-1.08205293905688,-1.24666456357331,-0.936700522132087,"Deutch (D FL-21)"
"Diaz-Balart","Mario","FL","25","R","M","D000600","20316",61,0.565966749157207,0.457688502982686,0.671304997073054,"Diaz-Balart (R FL-25)"
"Dingell","John","MI","12","D","M","D000355","2605",39,-0.962152258849004,-1.09849290665282,-0.834161232269581,"Dingell (D MI-12)"
"Doggett","Lloyd","TX","35","D","M","D000399","29571",17,-0.972293239577362,-1.10624476138117,-0.825457558048879,"Doggett (D TX-35)"
"Doyle","Mike","PA","14","D","M","D000482","29561",42,-1.17288901868746,-1.35274425946059,-1.00670444093113,"Doyle (D PA-14)"
"Duckworth","Tammy","IL","8","D","F","D000622",NA,18,-0.672672646611321,-0.765856899024128,-0.582542504853228,"Duckworth (D IL-8)"
"Duffy","Sean","WI","7","R","M","D000614",NA,15,0.84850765925757,0.711530869942718,0.995774616267339,"Duffy (R WI-7)"
"Duncan","Jeffrey","SC","3","R","M","D000615",NA,3,1.40858463865115,1.19174083304252,1.65981286018749,"Duncan (R SC-3)"
"Duncan Jr.","John","TN","2","R","M","D000533","15604",10,0.473955718065711,0.387940323772452,0.557753253689439,"Duncan Jr. (R TN-2)"
"Edwards","Donna","MD","4","D","F","E000290",NA,27,-1.70224952054316,-1.99684194826752,-1.41212529904188,"Edwards (D MD-4)"
"Ellison","Keith","MN","5","D","M","E000288","20727",31,-1.44588376719379,-1.6937082566959,-1.22445307013399,"Ellison (D MN-5)"
"Ellmers","Renee","NC","2","R","F","E000291",NA,16,0.823435952550041,0.680663257168356,0.956301530072763,"Ellmers (R NC-2)"
"Emerson","Jo Ann","MO","8","R","F","E000172","29736",720,0.615453567388621,0.152563474386069,1.15632453762339,"Emerson (R MO-8)"
"Engel","Eliot","NY","16","D","M","E000179","15605",46,-1.25001540029406,-1.45061486515503,-1.06341151230485,"Engel (D NY-16)"
"Enyart","Bill","IL","12","D","M","E000292",NA,20,-0.600481907016169,-0.689359254533081,-0.513785426258924,"Enyart (D IL-12)"
"Eshoo","Anna","CA","18","D","F","E000215","29312",22,-1.10597136520099,-1.27140303534079,-0.941547006807667,"Eshoo (D CA-18)"
"Esty","Elizabeth","CT","5","D","F","E000293",NA,9,-0.88950200374449,-1.02524992197333,-0.77589026404393,"Esty (D CT-5)"
"Farenthold","Blake","TX","27","R","M","F000460",NA,3,0.927371902414993,0.780344034691053,1.08303453357709,"Farenthold (R TX-27)"
"Farr","Sam","CA","20","D","M","F000030","29313",42,-1.46438278278234,-1.67704252146637,-1.22770789214183,"Farr (D CA-20)"
"Fattah","Chaka","PA","2","D","M","F000043","29559",37,-1.32109348945524,-1.53463144968932,-1.129138829265,"Fattah (D PA-2)"
"Fincher","Stephen","TN","8","R","M","F000458",NA,45,1.05051667124602,0.873667526377963,1.23102736317149,"Fincher (R TN-8)"
"Fitzpatrick","Michael","PA","8","R","M","F000451","20524",10,0.341489318646326,0.269727746544767,0.422835888494643,"Fitzpatrick (R PA-8)"
"Fleischmann","Chuck","TN","3","R","M","F000459",NA,12,1.03932380084756,0.864325581780315,1.21770722856518,"Fleischmann (R TN-3)"
"Fleming","John","LA","4","R","M","F000456",NA,5,1.18241616624952,0.981656754520415,1.38231112191217,"Fleming (R LA-4)"
"Flores","Bill","TX","17","R","M","F000461",NA,19,1.34688367850418,1.1111401190966,1.60219476463192,"Flores (R TX-17)"
"Forbes","J.","VA","4","R","M","F000445","20143",24,0.740323017363808,0.608548468137507,0.864127950623573,"Forbes (R VA-4)"
"Fortenberry","Jeff","NE","1","R","M","F000449","20518",27,0.584831332071884,0.472320291113589,0.689201831643736,"Fortenberry (R NE-1)"
"Foster","Bill","IL","11","D","M","F000454",NA,9,-0.593030184747437,-0.682159476624333,-0.510267693952006,"Foster (D IL-11)"
"Foxx","Virginia","NC","5","R","F","F000450","20521",6,1.24128383508113,1.01984413231614,1.45399951030532,"Foxx (R NC-5)"
"Frankel","Lois","FL","22","D","F","F000462",NA,25,-1.16286870797418,-1.34604101353609,-0.99805958434804,"Frankel (D FL-22)"
"Franks","Trent","AZ","8","R","M","F000448","20304",41,1.38127896039911,1.14514614687773,1.62388441757951,"Franks (R AZ-8)"
"Frelinghuysen","Rodney","NJ","11","R","M","F000372","29541",8,0.519221353473902,0.412935256879883,0.611425949051928,"Frelinghuysen (R NJ-11)"
"Fudge","Marcia","OH","11","D","F","F000455",NA,45,-1.10890984896606,-1.26746083129292,-0.947944023379352,"Fudge (D OH-11)"
"Gabbard","Tulsi","HI","2","D","F","G000571",NA,44,-0.692198947503372,-0.785613057665141,-0.593671720707142,"Gabbard (D HI-2)"
"Gallego","Pete","TX","23","D","M","G000572",NA,18,-0.364866910669797,-0.434478222790118,-0.291766966026382,"Gallego (D TX-23)"
"Garamendi","John","CA","3","D","M","G000559",NA,18,-0.724132556045024,-0.822171727290557,-0.624021608195658,"Garamendi (D CA-3)"
"Garcia","Joe","FL","26","D","M","G000573",NA,37,-0.491248299417111,-0.571965965986881,-0.406373016111033,"Garcia (D FL-26)"
"Gardner","Cory","CO","4","R","M","G000562",NA,19,0.869144461023676,0.736989632314745,1.03267968849299,"Gardner (R CO-4)"
"Garrett","Scott","NJ","5","R","M","G000548","20336",13,1.02883071993198,0.855502345783702,1.2005908175224,"Garrett (R NJ-5)"
"Gerlach","Jim","PA","6","R","M","G000549","20345",20,0.526608686170903,0.426340832957293,0.62226366472314,"Gerlach (R PA-6)"
"Gibbs","Bob","OH","7","R","M","G000563",NA,15,0.886377250538761,0.737579820158251,1.0370243152507,"Gibbs (R OH-7)"
"Gibson","Chris","NY","19","R","M","G000564",NA,10,0.201245191951209,0.136454314394587,0.269296996264329,"Gibson (R NY-19)"
"Gingrey","Phil","GA","11","R","M","G000550","20319",63,0.933655402223444,0.784970194540557,1.09446018502283,"Gingrey (R GA-11)"
"Gohmert","Louie","TX","1","R","M","G000552","20527",79,0.784376235317931,0.654240846695356,0.912522390571787,"Gohmert (R TX-1)"
"Goodlatte","Robert","VA","6","R","M","G000289","39308",14,1.00871322666234,0.835429269020028,1.18208725715099,"Goodlatte (R VA-6)"
"Gosar","Paul","AZ","4","R","M","G000565",NA,101,0.982393052910896,0.812706769199951,1.16359115248076,"Gosar (R AZ-4)"
"Gowdy","Trey","SC","4","R","M","G000566",NA,16,1.33008934312632,1.10150520347376,1.55981305965904,"Gowdy (R SC-4)"
"Granger","Kay","TX","12","R","F","G000377","29762",36,0.932422828353326,0.771236179228516,1.10158716930744,"Granger (R TX-12)"
"Graves","Tom","GA","14","R","M","G000560",NA,11,1.23323882773711,1.04296608109016,1.44088042751584,"Graves (R GA-14)"
"Graves","Sam","MO","6","R","M","G000546","20124",44,0.921688589282016,0.764184650632076,1.07916977380598,"Graves (R MO-6)"
"Grayson","Alan","FL","9","D","M","G000556",NA,28,-1.15619915342695,-1.32769477449488,-0.984042908425971,"Grayson (D FL-9)"
"Green","Gene","TX","29","D","M","G000410","39304",19,-0.478454985151072,-0.566777417328392,-0.403812512901206,"Green (D TX-29)"
"Green","Al","TX","9","D","M","G000553","20529",22,-0.80752661764675,-0.929154991740635,-0.702559595443535,"Green (D TX-9)"
"Griffin","Tim","AR","2","R","M","G000567",NA,4,0.809612894341052,0.674316454696295,0.959514340508984,"Griffin (R AR-2)"
"Griffith","Morgan","VA","9","R","M","G000568",NA,5,0.620787677557183,0.505364541578525,0.723101593111829,"Griffith (R VA-9)"
"Grijalva","Raúl","AZ","3","D","M","G000551","20305",95,-1.28685740034657,-1.47845038760378,-1.08921295988288,"Grijalva (D AZ-3)"
"Grimm","Mike","NY","11","R","M","G000569",NA,59,0.381943087690034,0.295898239124926,0.459282793876773,"Grimm (R NY-11)"
"Guthrie","Brett","KY","2","R","M","G000558",NA,15,0.941434579194103,0.786489734622411,1.10808496922858,"Guthrie (R KY-2)"
"Gutierrez","Luis","IL","4","D","M","G000535","29348",125,-1.16006291599393,-1.34017695296058,-0.971947742798903,"Gutierrez (D IL-4)"
"Hahn","Janice","CA","44","D","F","H001063",NA,6,-1.25224083911698,-1.45433658889409,-1.0731352980076,"Hahn (D CA-44)"
"Hall","Ralph","TX","4","R","M","H000067","14828",14,0.975932781222512,0.813882890008328,1.14577728778431,"Hall (R TX-4)"
"Hanabusa","Colleen","HI","1","D","F","H001050",NA,21,-0.983146978872726,-1.1214103827654,-0.844130419012821,"Hanabusa (D HI-1)"
"Hanna","Richard","NY","22","R","M","H001051",NA,39,0.382496740916617,0.292614232998502,0.462155415612405,"Hanna (R NY-22)"
"Harper","Gregg","MS","3","R","M","H001045",NA,9,0.642412886472379,0.527829658798431,0.754709896053712,"Harper (R MS-3)"
"Harris","Andy","MD","1","R","M","H001052",NA,9,1.0953967739756,0.910199827745414,1.27536390374184,"Harris (R MD-1)"
"Hartzler","Vicky","MO","4","R","F","H001053",NA,17,0.969560437587083,0.811504914009228,1.14209013283612,"Hartzler (R MO-4)"
"Hastings","Alcee","FL","20","D","M","H000324","29337",69,-1.44418613180858,-1.68618462475819,-1.21136162001148,"Hastings (D FL-20)"
"Hastings","Doc","WA","4","R","M","H000329","29580",10,0.734083741016842,0.598912136309947,0.856874902745956,"Hastings (R WA-4)"
"Heck","Denny","WA","10","D","M","H001064",NA,22,-0.901818736344022,-1.03608955902846,-0.784155872056148,"Heck (D WA-10)"
"Heck","Joe","NV","3","R","M","H001055",NA,13,0.564265651882021,0.467121919431184,0.672371345958986,"Heck (R NV-3)"
"Hensarling","Jeb","TX","5","R","M","H001036","20352",8,1.30605832136446,1.08114406095433,1.53697268083286,"Hensarling (R TX-5)"
"Herrera Beutler","Jaime","WA","3","R","F","H001056",NA,316,0.542770415871519,0.42011197399607,0.653514619680804,"Herrera Beutler (R WA-3)"
"Higgins","Brian","NY","26","D","M","H001038","20519",68,-1.24029025851292,-1.43293725670961,-1.04343566047278,"Higgins (D NY-26)"
"Himes","Jim","CT","4","D","M","H001047",NA,16,-0.779598991789313,-0.88849907671191,-0.676950289184966,"Himes (D CT-4)"
"Hinojosa","Rubén","TX","15","D","M","H000636","29763",82,-0.737259806606343,-0.841227983350125,-0.624225036791472,"Hinojosa (D TX-15)"
"Holding","George","NC","13","R","M","H001065",NA,17,1.38899849078461,1.1263306537081,1.63883301836429,"Holding (R NC-13)"
"Holt","Rush","NJ","12","D","M","H001032","29923",138,-1.94077698843906,-2.3129317480072,-1.52514477923179,"Holt (D NJ-12)"
"Honda","Michael","CA","17","D","M","H001034","20103",65,-1.54448871751524,-1.78415438483304,-1.28208058567433,"Honda (D CA-17)"
"Horsford","Steven","NV","4","D","M","H001066",NA,150,-0.814994263441587,-0.940627583814767,-0.700662516215725,"Horsford (D NV-4)"
"Hoyer","Steny","MD","5","D","M","H000874","14873",44,-0.985028881592373,-1.13221564874234,-0.848578929075619,"Hoyer (D MD-5)"
"Hudson","Richard","NC","8","R","M","H001067",NA,22,1.41215729864774,1.17732694474699,1.65206574027437,"Hudson (R NC-8)"
"Huelskamp","Tim","KS","1","R","M","H001057",NA,13,0.782719501820377,0.648936141936695,0.904526783689952,"Huelskamp (R KS-1)"
"Huffman","Jared","CA","2","D","M","H001068",NA,25,-1.17911866271047,-1.34819167984795,-1.00268135560889,"Huffman (D CA-2)"
"Huizenga","Bill","MI","2","R","M","H001058",NA,8,1.14644940408075,0.957500057476289,1.34540473574029,"Huizenga (R MI-2)"
"Hultgren","Randy","IL","14","R","M","H001059",NA,14,1.07073717768948,0.886949864919672,1.24863533960559,"Hultgren (R IL-14)"
"Hunter","Duncan","CA","50","R","M","H001048",NA,70,0.940328273566693,0.768007570927904,1.11557444839222,"Hunter (R CA-50)"
"Hurt","Robert","VA","5","R","M","H001060",NA,14,1.0329769959995,0.864041641758669,1.20551993277059,"Hurt (R VA-5)"
"Israel","Steve","NY","3","D","M","I000057","20129",15,-0.992563724920166,-1.1488953096297,-0.862149678451232,"Israel (D NY-3)"
"Issa","Darrell","CA","49","R","M","I000056","20107",10,0.749276600723145,0.622348584162987,0.879556260726426,"Issa (R CA-49)"
"Jackson-Lee","Sheila","TX","18","D","F","J000032","29573",51,-1.01342949777114,-1.15590418718436,-0.875530949645708,"Jackson-Lee (D TX-18)"
"Jeffries","Hakeem","NY","8","D","M","J000294",NA,32,-1.28279691711081,-1.47330189005469,-1.08366353987771,"Jeffries (D NY-8)"
"Jenkins","Lynn","KS","2","R","F","J000290",NA,4,0.846434596706553,0.710117954225142,0.989442044044792,"Jenkins (R KS-2)"
"Johnson","Hank","GA","4","D","M","J000288","20712",35,-1.08898350622025,-1.24040570221225,-0.928491890390092,"Johnson (D GA-4)"
"Johnson","Eddie","TX","30","D","F","J000126","39305",15,-1.09888061225893,-1.2627881047777,-0.940380462459692,"Johnson (D TX-30)"
"Johnson","Bill","OH","6","R","M","J000292",NA,4,0.950774325817295,0.79726738870139,1.11832984739428,"Johnson (R OH-6)"
"Johnson","Sam","TX","3","R","M","J000174","15843",30,1.05946534321503,0.879797062451727,1.25939845199569,"Johnson (R TX-3)"
"Jones","Walter","NC","3","R","M","J000255","29546",71,0.185559733371933,0.120003718470334,0.252812729871679,"Jones (R NC-3)"
"Jordan","Jim","OH","4","R","M","J000289","20738",14,1.23886200564446,1.04395839035737,1.4783095564205,"Jordan (R OH-4)"
"Joyce","Dave","OH","14","R","M","J000295",NA,9,0.520841964778957,0.428097165646504,0.620351821233819,"Joyce (R OH-14)"
"Kaptur","Marcy","OH","9","D","F","K000009","15028",29,-0.867743085563964,-0.987831949085312,-0.742663389162965,"Kaptur (D OH-9)"
"Keating","Bill","MA","9","D","M","K000375",NA,27,-0.890084289735666,-1.01497042888367,-0.774937302725372,"Keating (D MA-9)"
"Kelly","Robin","IL","2","D","F","K000385","",103,-1.15098219166516,-1.33756852659845,-0.977773470314663,"Kelly (D IL-2)"
"Kelly","Mike","PA","3","R","M","K000376",NA,7,0.827646602411731,0.687743483750362,0.972035674041942,"Kelly (R PA-3)"
"Kennedy III","Joseph","MA","4","D","M","K000379",NA,18,-1.49609083067154,-1.76299925663065,-1.25857598444558,"Kennedy III (D MA-4)"
"Kildee","Dan","MI","5","D","M","K000380",NA,7,-1.11898094343063,-1.29445494014873,-0.965600033763257,"Kildee (D MI-5)"
"Kilmer","Derek","WA","6","D","M","K000381",NA,4,-0.758479186943667,-0.867989335494425,-0.656275716676776,"Kilmer (D WA-6)"
"Kind","Ron","WI","3","D","M","K000188","29769",28,-0.733319165249782,-0.833757860733171,-0.629062326601069,"Kind (D WI-3)"
"King","Steve","IA","4","R","M","K000362","20325",21,0.911163465133812,0.763816313169353,1.06276145355025,"King (R IA-4)"
"King","Peter","NY","2","R","M","K000210","29375",20,0.377621201656384,0.29672765840377,0.45347116115991,"King (R NY-2)"
"Kingston","Jack","GA","1","R","M","K000220","29338",54,1.22358224160212,1.02355121120519,1.4804766698192,"Kingston (R GA-1)"
"Kinzinger","Adam","IL","16","R","M","K000378",NA,6,0.705217314143028,0.58469268104035,0.831931716203047,"Kinzinger (R IL-16)"
"Kirkpatrick","Ann","AZ","1","D","F","K000368",NA,53,-0.518246804431384,-0.602747563989592,-0.438416833558285,"Kirkpatrick (D AZ-1)"
"Kline","John","MN","2","R","M","K000363","20333",7,0.864941949252709,0.728584901923076,1.02135634763233,"Kline (R MN-2)"
"Kuster","Ann","NH","2","D","F","K000382",NA,14,-0.799172022584639,-0.90588124042612,-0.688564879024353,"Kuster (D NH-2)"
"LaMalfa","Doug","CA","1","R","M","L000578",NA,10,1.0236450490588,0.862022476754218,1.21155429698078,"LaMalfa (R CA-1)"
"Labrador","Raul","ID","1","R","M","L000573",NA,35,1.03670251586944,0.868632563998212,1.21762318328391,"Labrador (R ID-1)"
"Lamborn","Doug","CO","5","R","M","L000564","20704",17,1.11824419781222,0.921693380437798,1.30321222002731,"Lamborn (R CO-5)"
"Lance","Leonard","NJ","7","R","M","L000567",NA,3,0.479904640340174,0.386103107518314,0.568658229057454,"Lance (R NJ-7)"
"Langevin","Jim","RI","2","D","M","L000559","20136",28,-0.993520624839096,-1.14840017656976,-0.866282793184119,"Langevin (D RI-2)"
"Lankford","James","OK","5","R","M","L000575",NA,8,1.00963961036348,0.846043591073802,1.18075439598005,"Lankford (R OK-5)"
"Larsen","Rick","WA","2","D","M","L000560","20145",60,-0.861875425471838,-0.986083542670998,-0.73744239692741,"Larsen (D WA-2)"
"Larson","John","CT","1","D","M","L000557","29908",17,-1.11303524553195,-1.26944474038284,-0.943151392381445,"Larson (D CT-1)"
"Latham","Tom","IA","3","R","M","L000111","29522",11,0.615236872373732,0.50436126090651,0.725647309398213,"Latham (R IA-3)"
"Latta","Robert","OH","5","R","M","L000566","99998",6,1.16658590850402,0.959366773204279,1.38485548679644,"Latta (R OH-5)"
"Lee","Barbara","CA","13","D","F","L000551","29778",37,-1.53352898279956,-1.77815968452979,-1.27881360174638,"Lee (D CA-13)"
"Levin","Sander","MI","9","D","M","L000263","15032",6,-1.17889547772165,-1.34565465643771,-1.00669522354136,"Levin (D MI-9)"
"Lewis","John","GA","5","D","M","L000287","15430",75,-1.53598206734631,-1.81006317414361,-1.30085020323703,"Lewis (D GA-5)"
"Lipinski","Daniel","IL","3","D","M","L000563","20508",29,-0.49261811656857,-0.576645772069662,-0.409296247721277,"Lipinski (D IL-3)"
"LoBiondo","Frank","NJ","2","R","M","L000554","29539",7,0.376834169666498,0.29393800340257,0.455514346922825,"LoBiondo (R NJ-2)"
"Loebsack","Dave","IA","2","D","M","L000565","20720",11,-0.645490060495868,-0.739272514041357,-0.556480403697986,"Loebsack (D IA-2)"
"Lofgren","Zoe","CA","19","D","F","L000397","29504",14,-0.996722975392586,-1.13771202223719,-0.861475624697628,"Lofgren (D CA-19)"
"Long","Billy","MO","7","R","M","L000576",NA,3,1.1546717622031,0.953947970914561,1.35817386982801,"Long (R MO-7)"
"Lowenthal","Alan","CA","47","D","M","L000579",NA,13,-1.67003792625795,-1.95359913441503,-1.38987310624037,"Lowenthal (D CA-47)"
"Lowey","Nita","NY","17","D","F","L000480","15614",7,-1.02806940552965,-1.17872015614154,-0.888713230378829,"Lowey (D NY-17)"
"Lucas","Frank","OK","3","R","M","L000491","29393",23,0.666841276616918,0.550101941602243,0.781495212314357,"Lucas (R OK-3)"
"Luetkemeyer","Blaine","MO","3","R","M","L000569",NA,9,0.946979406557146,0.792864968561793,1.11395876308301,"Luetkemeyer (R MO-3)"
"Lujan","Ben","NM","3","D","M","L000570",NA,9,-0.95851750501242,-1.09635762201286,-0.83623699875342,"Lujan (D NM-3)"
"Lujan Grisham","Michelle","NM","1","D","F","L000580",NA,14,-0.800049478243304,-0.908065869301508,-0.68177666023264,"Lujan Grisham (D NM-1)"
"Lummis","Cynthia","WY","1","R","F","L000571",NA,40,0.878833148348307,0.737906683135491,1.04219057836372,"Lummis (R WY-1)"
"Lynch","Stephen","MA","8","D","M","L000562","20119",94,-0.797093462106455,-0.906789481771223,-0.690591710471276,"Lynch (D MA-8)"
"Maffei","Dan","NY","24","D","M","M001171",NA,13,-0.396658686892847,-0.470125896997468,-0.318895152545509,"Maffei (D NY-24)"
"Maloney","Carolyn","NY","12","D","F","M000087","29379",37,-1.18847171762683,-1.37170111132818,-1.00721990948437,"Maloney (D NY-12)"
"Maloney","Sean","NY","18","D","M","M001185",NA,15,-0.439261409469248,-0.514156247430254,-0.358171602381504,"Maloney (D NY-18)"
"Marchant","Kenny","TX","24","R","M","M001158","20532",32,1.38992996864206,1.16080873226814,1.63992893510929,"Marchant (R TX-24)"
"Marino","Tom","PA","10","R","M","M001179",NA,14,0.756906997448437,0.631811079764523,0.898636199094839,"Marino (R PA-10)"
"Markey","Edward","MA","5","D","M","M000133","14435",584,-1.51057582188473,-1.87445514645736,-1.18252793318111,"Markey (D MA-5)"
"Massie","Thomas","KY","4","R","M","M001184",NA,5,0.6362908441742,0.530957489466294,0.745434491707335,"Massie (R KY-4)"
"Matheson","Jim","UT","4","D","M","M001142","20140",6,-0.0947776180075141,-0.157086517707702,-0.0289096901863995,"Matheson (D UT-4)"
"Matsui","Doris","CA","6","D","F","M001163","20538",16,-1.24961084213568,-1.44827714648346,-1.07657170724738,"Matsui (D CA-6)"
"McAllister","Vance","LA","5","R","M","M001192","",610,1.02978285954016,0.471760418270427,1.52850863004127,"McAllister (R LA-5)"
"McCarthy","Carolyn","NY","4","D","F","M000309","29744",548,-0.639886923524218,-0.804414951485985,-0.475975358110253,"McCarthy (D NY-4)"
"McCarthy","Kevin","CA","23","R","M","M001165","20703",3,0.700585267238321,0.573466781167487,0.826155965837202,"McCarthy (R CA-23)"
"McCaul","Michael","TX","10","R","M","M001157","20530",25,0.996154037256114,0.835703673230809,1.17406489237585,"McCaul (R TX-10)"
"McClintock","Tom","CA","4","R","M","M001177",NA,10,0.913241761530972,0.767010449032459,1.05764062343801,"McClintock (R CA-4)"
"McCollum","Betty","MN","4","D","F","M001143","20122",15,-0.923255943833881,-1.04741484869803,-0.801123826472802,"McCollum (D MN-4)"
"McDermott","Jim","WA","7","D","M","M000404","15616",28,-1.80224598134187,-2.10356539950319,-1.48096235207691,"McDermott (D WA-7)"
"McGovern","Jim","MA","2","D","M","M000312","29729",13,-2.09726433339321,-2.45624991187555,-1.72943613118017,"McGovern (D MA-2)"
"McHenry","Patrick","NC","10","R","M","M001156","20522",20,1.04597196577976,0.882105788021067,1.2281748896941,"McHenry (R NC-10)"
"McIntyre","Mike","NC","7","D","M","M000485","29746",33,-0.154391152024442,-0.229591810507428,-0.0917110671287217,"McIntyre (D NC-7)"
"McKeon","Howard","CA","25","R","M","M000508","29315",18,0.677336661333622,0.552705002658082,0.799321214965772,"McKeon (R CA-25)"
"McKinley","David","WV","1","R","M","M001180",NA,3,0.591594510922554,0.47822913598142,0.690380522934613,"McKinley (R WV-1)"
"McMorris Rodgers","Cathy","WA","5","R","F","M001159","20535",51,0.750998904918683,0.621315498712073,0.88288366591283,"McMorris Rodgers (R WA-5)"
"McNerney","Jerry","CA","9","D","M","M001166","20702",19,-0.815456744882283,-0.920412131939868,-0.704782592743272,"McNerney (D CA-9)"
"Meadows","Mark","NC","11","R","M","M001187",NA,13,1.03783319318786,0.871153436921349,1.21495363795694,"Meadows (R NC-11)"
"Meehan","Pat","PA","7","R","M","M001181",NA,5,0.484905404574116,0.393448924882174,0.575556947984244,"Meehan (R PA-7)"
"Meeks","Gregory","NY","5","D","M","M001137","29776",58,-1.11094192878017,-1.2790719768834,-0.947234030512592,"Meeks (D NY-5)"
"Meng","Grace","NY","6","D","F","M001188",NA,46,-1.02336506681648,-1.18168472443379,-0.884657412229181,"Meng (D NY-6)"
"Messer","Luke","IN","6","R","M","M001189",NA,9,1.15644828265564,0.959487388417908,1.36016195819324,"Messer (R IN-6)"
"Mica","John","FL","7","R","M","M000689","29331",4,0.870825761614889,0.716111789480235,1.00585227468169,"Mica (R FL-7)"
"Michaud","Michael","ME","2","D","M","M001149","20328",8,-0.806176179548955,-0.913700654369594,-0.694439216809893,"Michaud (D ME-2)"
"Miller","George","CA","11","D","M","M000725","14256",82,-1.24866212340559,-1.43413775774097,-1.0355697724805,"Miller (D CA-11)"
"Miller","Gary","CA","31","R","M","M001139","29905",156,0.628668416433055,0.496114886672933,0.742699687853253,"Miller (R CA-31)"
"Miller","Jeff","FL","1","R","M","M001144","20110",40,0.978851267361019,0.811332882520541,1.13602412168376,"Miller (R FL-1)"
"Miller","Candice","MI","10","R","F","M001150","20331",5,0.949009450659178,0.78368410478793,1.10856240564906,"Miller (R MI-10)"
"Moore","Gwen","WI","4","D","F","M001160","20537",42,-1.31775153399589,-1.55302235476241,-1.12638820024798,"Moore (D WI-4)"
"Moran","James","VA","8","D","M","M000933","15826",33,-0.876348897625572,-0.997234948597934,-0.76133368295812,"Moran (D VA-8)"
"Mullin","Markwayne","OK","2","R","M","M001190",NA,12,1.02241772403536,0.847627062050386,1.19690001451097,"Mullin (R OK-2)"
"Mulvaney","Mick","SC","5","R","M","M001182",NA,12,1.00416689480988,0.842554904709149,1.1698141755649,"Mulvaney (R SC-5)"
"Murphy","Patrick","FL","18","D","M","M001191",NA,17,-0.405874906228245,-0.480078088776711,-0.330424355570419,"Murphy (D FL-18)"
"Murphy","Tim","PA","18","R","M","M001151","20346",10,0.838973099833796,0.698117299543891,0.980201471108093,"Murphy (R PA-18)"
"Nadler","Jerrold","NY","10","D","M","N000002","29377",31,-1.7933268940065,-2.08324358718269,-1.496084365323,"Nadler (D NY-10)"
"Napolitano","Grace","CA","32","D","F","N000179","29903",27,-1.34533764606482,-1.55545024306966,-1.13929111969017,"Napolitano (D CA-32)"
"Neal","Richard","MA","1","D","M","N000015","15618",63,-1.42038974065906,-1.68027419687252,-1.17865100878491,"Neal (D MA-1)"
"Negrete McLeod","Gloria","CA","35","D","F","N000187",NA,92,-1.07944204868366,-1.24605140389796,-0.903532646107648,"Negrete McLeod (D CA-35)"
"Neugebauer","Randy","TX","19","R","M","N000182","20353",10,1.47434096085329,1.21520671230283,1.72499236098752,"Neugebauer (R TX-19)"
"Noem","Kristi","SD","1","R","F","N000184",NA,27,0.787010361214797,0.648512933045194,0.917195334946785,"Noem (R SD-1)"
"Nolan","Rick","MN","8","D","M","N000127","14263",24,-0.850258073332662,-0.96017298294552,-0.729771073409162,"Nolan (D MN-8)"
"Nugent","Richard","FL","11","R","M","N000185",NA,35,0.864157721434102,0.729525524816652,1.00207229692548,"Nugent (R FL-11)"
"Nunes","Devin","CA","22","R","M","N000181","20307",29,0.694992236399343,0.564498022378199,0.824849046597733,"Nunes (R CA-22)"
"Nunnelee","Alan","MS","1","R","M","N000186",NA,13,0.982667283608076,0.803774613508178,1.14763033151255,"Nunnelee (R MS-1)"
"O'Rourke","Beto","TX","16","D","M","O000170",NA,6,-0.985850735313317,-1.12754726990067,-0.849911831285463,"O'Rourke (D TX-16)"
"Olson","Pete","TX","22","R","M","O000168",NA,12,1.18353399810569,0.979729416223325,1.3904978497885,"Olson (R TX-22)"
"Owens","Bill","NY","21","D","M","O000169",NA,39,-0.258243730564975,-0.326106520855592,-0.185778849967503,"Owens (D NY-21)"
"Palazzo","Steven","MS","4","R","M","P000601",NA,22,1.05563429862625,0.871337834318424,1.21845760893874,"Palazzo (R MS-4)"
"Pallone","Frank","NJ","6","D","M","P000034","15619",86,-1.62767201290705,-1.93914578080619,-1.32854072394892,"Pallone (D NJ-6)"
"Pascrell Jr.","Bill","NJ","9","D","M","P000096","29741",30,-1.11192232569311,-1.28216997580505,-0.954252184002049,"Pascrell Jr. (D NJ-9)"
"Pastor","Ed","AZ","7","D","M","P000099","15846",89,-0.893602416807267,-1.01867812722323,-0.764538067862242,"Pastor (D AZ-7)"
"Paulsen","Erik","MN","3","R","M","P000594",NA,5,0.770504883203039,0.627968332423189,0.892490759477502,"Paulsen (R MN-3)"
"Payne Jr.","Donald","NJ","10","D","M","P000604",NA,33,-1.29635554811251,-1.49263387034471,-1.10557418295243,"Payne Jr. (D NJ-10)"
"Pearce","Steve","NM","2","R","M","P000588","20337",16,0.880682066290368,0.731064858069794,1.02211836807497,"Pearce (R NM-2)"
"Pelosi","Nancy","CA","12","D","F","P000197","15447",57,-1.36358929177293,-1.56899870965534,-1.12138510762692,"Pelosi (D CA-12)"
"Perlmutter","Ed","CO","7","D","M","P000593","20705",36,-0.609649937950817,-0.69705644678889,-0.51619083334138,"Perlmutter (D CO-7)"
"Perry","Scott","PA","4","R","M","P000605",NA,8,1.15165068396438,0.965501738337517,1.35078916812178,"Perry (R PA-4)"
"Peters","Scott","CA","52","D","M","P000608",NA,14,-0.442111952189176,-0.516295939764067,-0.35916322753035,"Peters (D CA-52)"
"Peters","Gary","MI","14","D","M","P000595",NA,15,-0.612553980312322,-0.702482589395885,-0.52012224622782,"Peters (D MI-14)"
"Peterson","Collin","MN","7","D","M","P000258","15830",8,-0.196167370226549,-0.259262156174748,-0.121200212506402,"Peterson (D MN-7)"
"Petri","Tom","WI","6","R","M","P000265","14675",5,0.703399305242427,0.586021056270204,0.828953577970175,"Petri (R WI-6)"
"Pingree","Chellie","ME","1","D","F","P000597",NA,30,-1.55116230156897,-1.81955155297779,-1.31856431302796,"Pingree (D ME-1)"
"Pittenger","Robert","NC","9","R","M","P000606",NA,43,1.14065361582673,0.941639878883701,1.33549457266487,"Pittenger (R NC-9)"
"Pitts","Joe","PA","16","R","M","P000373","29752",20,1.026429149805,0.854028245028524,1.2054840453936,"Pitts (R PA-16)"
"Pocan","Mark","WI","2","D","M","P000607",NA,6,-2.12224600843467,-2.52852050358711,-1.74389930653328,"Pocan (D WI-2)"
"Poe","Ted","TX","2","R","M","P000592","20528",31,0.933451584987736,0.785001652339399,1.089156452893,"Poe (R TX-2)"
"Polis","Jared","CO","2","D","M","P000598",NA,53,-0.683498360445828,-0.778432553765575,-0.584126379461339,"Polis (D CO-2)"
"Pompeo","Mike","KS","4","R","M","P000602",NA,12,1.23719828114851,1.02991339091393,1.46398829846308,"Pompeo (R KS-4)"
"Posey","Bill","FL","8","R","M","P000599",NA,7,0.700564365187135,0.58331880876568,0.822047891463648,"Posey (R FL-8)"
"Price","David","NC","4","D","M","P000523","15437",5,-1.12789771176556,-1.30302806196541,-0.971531295629037,"Price (D NC-4)"
"Price","Tom","GA","6","R","M","P000591","20505",8,1.18143418490301,0.978052244177212,1.40190147856447,"Price (R GA-6)"
"Quigley","Mike","IL","5","D","M","Q000023",NA,26,-1.09163636247318,-1.25979717291334,-0.93506989370272,"Quigley (D IL-5)"
"Radel","Trey","FL","19","R","M","R000596",NA,132,0.977348671426578,0.817485346977504,1.14334406722738,"Radel (R FL-19)"
"Rahall II","Nick","WV","3","D","M","R000011","14448",8,-0.370808191179082,-0.4464637385286,-0.299003481138932,"Rahall II (D WV-3)"
"Rangel","Charles","NY","13","D","M","R000053","13035",41,-1.08299696526756,-1.24180506869963,-0.930304536032888,"Rangel (D NY-13)"
"Reed","Tom","NY","23","R","M","R000585",NA,30,0.525368155088999,0.424381999011857,0.622631719200511,"Reed (R NY-23)"
"Reichert","Dave","WA","8","R","M","R000578","20536",6,0.481611696718568,0.382973852351051,0.567608922233582,"Reichert (R WA-8)"
"Renacci","Jim","OH","16","R","M","R000586",NA,6,0.8271024454963,0.682534256963815,0.966214113234155,"Renacci (R OH-16)"
"Ribble","Reid","WI","8","R","M","R000587",NA,17,1.11778673914879,0.926370580229864,1.29818290559052,"Ribble (R WI-8)"
"Rice","Tom","SC","7","R","M","R000597",NA,24,0.969355742831434,0.805138581847708,1.13410862788083,"Rice (R SC-7)"
"Richmond","Cedric","LA","2","D","M","R000588",NA,73,-0.78078382059466,-0.895308403130943,-0.675963298585708,"Richmond (D LA-2)"
"Rigell","Scott","VA","2","R","M","R000589",NA,13,0.752299235487147,0.629011561533115,0.889666050925684,"Rigell (R VA-2)"
"Roby","Martha","AL","2","R","F","R000591",NA,10,0.820201507815428,0.684726461931713,0.968082009843982,"Roby (R AL-2)"
"Roe","Phil","TN","1","R","M","R000582",NA,12,0.942373695387982,0.764619136461857,1.10744121549034,"Roe (R TN-1)"
"Rogers","Mike","AL","3","R","M","R000575","20301",31,0.811111487971417,0.686018720520337,0.960402185489921,"Rogers (R AL-3)"
"Rogers","Harold","KY","5","R","M","R000395","14854",32,0.667304745909258,0.560028659766872,0.795737011451199,"Rogers (R KY-5)"
"Rogers","Mike","MI","8","R","M","R000572","20120",46,0.846497666576811,0.703915030713343,1.00961629027859,"Rogers (R MI-8)"
"Rohrabacher","Dana","CA","48","R","M","R000409","15624",67,0.689451298340919,0.567774592984293,0.80553846997524,"Rohrabacher (R CA-48)"
"Rokita","Todd","IN","4","R","M","R000592",NA,50,1.14470976389446,0.951021935629815,1.34283032218937,"Rokita (R IN-4)"
"Rooney","Tom","FL","17","R","M","R000583",NA,12,0.703535659868971,0.579084726422094,0.815713044566937,"Rooney (R FL-17)"
"Ros-Lehtinen","Ileana","FL","27","R","F","R000435","15637",40,0.543549319656,0.432164335259274,0.646422138213895,"Ros-Lehtinen (R FL-27)"
"Roskam","Peter","IL","6","R","M","R000580","20715",11,0.818518108156845,0.681770110969345,0.958238978239762,"Roskam (R IL-6)"
"Ross","Dennis","FL","15","R","M","R000593",NA,9,1.0560478351015,0.879121599329975,1.23289076690043,"Ross (R FL-15)"
"Rothfus","Keith","PA","12","R","M","R000598",NA,4,0.980935399498045,0.803046018616805,1.14864932612477,"Rothfus (R PA-12)"
"Roybal-Allard","Lucille","CA","40","D","F","R000486","29317",28,-1.60099458726179,-1.87029600603807,-1.33469438073661,"Roybal-Allard (D CA-40)"
"Royce","Ed","CA","39","R","M","R000487","29321",20,0.990325193923593,0.831853857849191,1.15749695267199,"Royce (R CA-39)"
"Ruiz","Raul","CA","36","D","M","R000599",NA,28,-0.486013573959363,-0.568783657959659,-0.402535110522778,"Ruiz (D CA-36)"
"Runyan","Jon","NJ","3","R","M","R000594",NA,43,0.433852055719801,0.352139045615777,0.52754938505202,"Runyan (R NJ-3)"
"Ruppersberger","C.A. Dutch","MD","2","D","M","R000576","20329",56,-0.809498020775363,-0.924704199422538,-0.703210511858865,"Ruppersberger (D MD-2)"
"Rush","Bobby","IL","1","D","M","R000515","29346",321,-1.22544996024976,-1.43840974973525,-0.992740271315047,"Rush (D IL-1)"
"Ryan","Tim","OH","13","D","M","R000577","20343",19,-0.777989386993476,-0.888210488188945,-0.674310411917212,"Ryan (D OH-13)"
"Ryan","Paul","WI","1","R","M","R000570","29939",5,0.949105706252867,0.784583514962946,1.10452888347376,"Ryan (R WI-1)"
"Salmon","Matt","AZ","5","R","M","S000018","29500",27,0.866413755072811,0.723113137666663,1.02167367855809,"Salmon (R AZ-5)"
"Sanchez","Linda","CA","38","D","F","S001156","20310",20,-1.62699407225182,-1.90160956596948,-1.34666222168585,"Sanchez (D CA-38)"
"Sanchez","Loretta","CA","46","D","F","S000030","29709",68,-0.827300839946389,-0.946961293786533,-0.713096402271562,"Sanchez (D CA-46)"
"Sanford","Mark","SC","1","R","M","S000051","29565",160,0.671668637649523,0.550177849536101,0.800696991422283,"Sanford (R SC-1)"
"Sarbanes","John","MD","3","D","M","S001168","20724",31,-1.48555513286324,-1.73607224017043,-1.246912589546,"Sarbanes (D MD-3)"
"Scalise","Steve","LA","1","R","M","S001176",NA,16,1.15614752821804,0.955639381386514,1.35487324836531,"Scalise (R LA-1)"
"Schakowsky","Jan","IL","9","D","F","S001145","29911",14,-2.27908059710491,-2.70115046569571,-1.88232801715991,"Schakowsky (D IL-9)"
"Schiff","Adam","CA","28","D","M","S001150","20104",14,-1.11332161278945,-1.27771935323899,-0.952174779783692,"Schiff (D CA-28)"
"Schneider","Brad","IL","10","D","M","S001190",NA,4,-0.555768776196864,-0.643708476493598,-0.475471249730811,"Schneider (D IL-10)"
"Schock","Aaron","IL","18","R","M","S001179",NA,46,0.666066950093677,0.546045643851032,0.789750443652468,"Schock (R IL-18)"
"Schrader","Kurt","OR","5","D","M","S001180",NA,14,-0.405393119541318,-0.479423992621509,-0.331636619126705,"Schrader (D OR-5)"
"Schwartz","Allyson","PA","13","D","F","S001162","20525",105,-0.982870052657404,-1.13166237433605,-0.84697303223127,"Schwartz (D PA-13)"
"Schweikert","David","AZ","6","R","M","S001183",NA,36,1.17996694493454,0.991127617955111,1.39446831785854,"Schweikert (R AZ-6)"
"Scott","David","GA","13","D","M","S001157","20321",30,-0.910164979546077,-1.03638883533984,-0.785607648956154,"Scott (D GA-13)"
"Scott","Robert","VA","3","D","M","S000185","39307",15,-1.12217588151324,-1.2878954386931,-0.96037691840032,"Scott (D VA-3)"
"Scott","Austin","GA","8","R","M","S001189",NA,18,1.07362239437548,0.886911594091545,1.24976351100215,"Scott (R GA-8)"
"Sensenbrenner","F.","WI","5","R","M","S000244","14657",20,0.859514756689168,0.72201339996366,1.00355772643482,"Sensenbrenner (R WI-5)"
"Serrano","José","NY","15","D","M","S000248","15643",9,-1.68254385331872,-1.93809074715878,-1.40633325282886,"Serrano (D NY-15)"
"Sessions","Pete","TX","32","R","M","S000250","29759",11,0.965281066884383,0.794626864286932,1.11671991469165,"Sessions (R TX-32)"
"Sewell","Terri","AL","7","D","F","S001185",NA,21,-0.737806512222591,-0.842683032491273,-0.635526028491104,"Sewell (D AL-7)"
"Shea-Porter","Carol","NH","1","D","F","S001170","20731",37,-0.973177982716733,-1.1148142355945,-0.837627549516849,"Shea-Porter (D NH-1)"
"Sherman","Brad","CA","30","D","M","S000344","29707",11,-0.893269076237587,-1.01535214166265,-0.770080763811583,"Sherman (D CA-30)"
"Shimkus","John","IL","15","R","M","S000364","29718",70,0.559972844830128,0.449705816829599,0.658784404655071,"Shimkus (R IL-15)"
"Shuster","Bill","PA","9","R","M","S001154","14052",19,0.851027929736908,0.705053037925613,0.993721444599233,"Shuster (R PA-9)"
"Simpson","Mike","ID","2","R","M","S001148","29910",22,0.663493782731355,0.548583033192506,0.783073257801827,"Simpson (R ID-2)"
"Sinema","Krysten","AZ","9","D","F","S001191",NA,33,-0.38235302564259,-0.458071851331466,-0.301349079127303,"Sinema (D AZ-9)"
"Sires","Albio","NJ","8","D","M","S001165","20542",77,-1.10654287927144,-1.27633157346289,-0.92695358589825,"Sires (D NJ-8)"
"Slaughter","Louise","NY","25","D","F","S000480","15443",50,-1.08602844434543,-1.25345275537105,-0.928539395483539,"Slaughter (D NY-25)"
"Smith","Adam","WA","9","D","M","S000510","29768",68,-0.940046143492346,-1.0781363981112,-0.811723272572184,"Smith (D WA-9)"
"Smith","Jason","MO","8","R","M","S001195","",201,1.29411464431787,1.02964497030172,1.55588379240512,"Smith (R MO-8)"
"Smith","Adrian","NE","3","R","M","S001172","20729",16,0.963558049501355,0.802825705183771,1.1318070594263,"Smith (R NE-3)"
"Smith","Christopher","NJ","4","R","M","S000522","14863",25,0.424483438472132,0.342727289316839,0.517897023167116,"Smith (R NJ-4)"
"Smith","Lamar","TX","21","R","M","S000583","15444",8,1.03839357277869,0.85311710022826,1.2181067179706,"Smith (R TX-21)"
"Southerland","Steve","FL","2","R","M","S001186",NA,8,0.95665039618247,0.791456545194265,1.12109015246368,"Southerland (R FL-2)"
"Speier","Jackie","CA","14","D","F","S001175",NA,67,-1.29149050896288,-1.49972480050776,-1.08537649208195,"Speier (D CA-14)"
"Stewart","Chris","UT","2","R","M","S001192",NA,14,0.874184008826947,0.732542493898662,1.02294918817783,"Stewart (R UT-2)"
"Stivers","Steve","OH","15","R","M","S001187",NA,16,0.644182207379514,0.528421103348763,0.754164186268023,"Stivers (R OH-15)"
"Stockman","Steve","TX","36","R",NA,"S000937","29570",44,0.979784665851852,0.826093068123613,1.13842696819454,"Stockman (R TX-36)"
"Stutzman","Marlin","IN","3","R","M","S001188",NA,24,1.13507274294047,0.957103658096959,1.34309402013714,"Stutzman (R IN-3)"
"Swalwell","Eric","CA","15","D","M","S001193",NA,8,-0.927534617420333,-1.06044287932503,-0.798198417612768,"Swalwell (D CA-15)"
"Takano","Mark","CA","41","D","M","T000472",NA,6,-1.23724422252603,-1.42787060610515,-1.05725559543075,"Takano (D CA-41)"
"Terry","Lee","NE","2","R","M","T000459","29921",8,0.646123155250036,0.534428021792007,0.764149057285051,"Terry (R NE-2)"
"Thompson","Mike","CA","5","D","M","T000460","29901",18,-1.08615351406708,-1.25056451920002,-0.930995001191716,"Thompson (D CA-5)"
"Thompson","Bennie","MS","2","D","M","T000193","29368",24,-0.906697423628573,-1.0278925723616,-0.772480926620788,"Thompson (D MS-2)"
"Thompson","Glenn","PA","5","R","M","T000467",NA,6,0.653617103079469,0.537360082391837,0.778634436762751,"Thompson (R PA-5)"
"Thornberry","William","TX","13","R","M","T000238","29572",6,1.07552255500753,0.89697969670339,1.27583630331352,"Thornberry (R TX-13)"
"Tiberi","Pat","OH","12","R","M","T000462","20130",26,0.782191747789818,0.648365995539706,0.924099651819239,"Tiberi (R OH-12)"
"Tierney","John","MA","6","D","M","T000266","29730",28,-1.0572823362181,-1.19060382562428,-0.902499907300606,"Tierney (D MA-6)"
"Tipton","Scott","CO","3","R","M","T000470",NA,28,0.686632967801455,0.56199723542986,0.80394565219074,"Tipton (R CO-3)"
"Titus","Dina","NV","1","D","F","T000468",NA,7,-0.930239230162887,-1.05604022247462,-0.798896291532509,"Titus (D NV-1)"
"Tonko","Paul","NY","20","D","M","T000469",NA,7,-1.34167733085954,-1.55563058093161,-1.14407378030918,"Tonko (D NY-20)"
"Tsongas","Niki","MA","3","D","F","T000465","20754",42,-1.2929589467253,-1.51320928115793,-1.09008356076408,"Tsongas (D MA-3)"
"Turner","Michael","OH","10","R","M","T000463","20342",9,0.563602914088574,0.463074080267928,0.666388332314015,"Turner (R OH-10)"
"Upton","Fred","MI","6","R","M","U000031","15445",23,0.81952810443208,0.685340868740126,0.957862866536702,"Upton (R MI-6)"
"Valadao","David","CA","21","R","M","V000129",NA,7,0.554259854282774,0.452539648920676,0.662165134195283,"Valadao (R CA-21)"
"Van Hollen","Chris","MD","8","D","M","V000128","20330",14,-1.15279468345388,-1.3243239834973,-0.985439449786098,"Van Hollen (D MD-8)"
"Vargas","Juan","CA","51","D","M","V000130",NA,23,-0.924503911477312,-1.05259740380614,-0.799614867809097,"Vargas (D CA-51)"
"Veasey","Marc","TX","33","D","M","V000131",NA,11,-0.92497711035472,-1.04958509385861,-0.798878617191673,"Veasey (D TX-33)"
"Vela","Filemon","TX","34","D","M","V000132",NA,14,-0.487203217916506,-0.568457789512282,-0.406513667081882,"Vela (D TX-34)"
"Velázquez","Nydia","NY","7","D","F","V000081","29378",33,-1.34585054347837,-1.55669416372965,-1.12930317467406,"Velázquez (D NY-7)"
"Visclosky","Peter","IN","1","D","M","V000108","15240",28,-0.883479769553542,-1.00344451299634,-0.760291625435435,"Visclosky (D IN-1)"
"Wagner","Ann","MO","2","R","F","W000812",NA,15,1.10673147600399,0.925136621495895,1.30499949205812,"Wagner (R MO-2)"
"Walberg","Tim","MI","7","R","M","W000798","20725",18,0.98682145024381,0.823228891875621,1.16094867442455,"Walberg (R MI-7)"
"Walden","Greg","OR","2","R","M","W000791","29932",15,0.740609118725002,0.605915439439145,0.870492236809169,"Walden (R OR-2)"
"Walorski","Jackie","IN","2","R","F","W000813",NA,13,0.889809778190466,0.74455279217344,1.03792803141863,"Walorski (R IN-2)"
"Walz","Tim","MN","1","D","M","W000799","20726",12,-0.672838135549344,-0.76462651634812,-0.573940682699651,"Walz (D MN-1)"
"Wasserman Schultz","Debbie","FL","23","D","F","W000797","20504",63,-0.942928690834011,-1.07864003624928,-0.810361972570187,"Wasserman Schultz (D FL-23)"
"Waters","Maxine","CA","43","D","F","W000187","15840",38,-1.22727194309458,-1.42002355529789,-1.03871008787149,"Waters (D CA-43)"
"Watt","Melvin","NC","12","D","M","W000207","29383",122,-1.22005116327544,-1.41333559236404,-1.03366545331643,"Watt (D NC-12)"
"Waxman","Henry","CA","33","D","M","W000215","14280",36,-1.24251271720939,-1.46239734412465,-1.07358797760248,"Waxman (D CA-33)"
"Weber","Randy","TX","14","R","M","W000814",NA,9,1.73097622867129,1.44014833980975,2.0554300764074,"Weber (R TX-14)"
"Webster","Daniel","FL","10","R","M","W000806",NA,35,0.833662801229372,0.684338409450921,0.987020130810163,"Webster (R FL-10)"
"Welch","Peter","VT","1","D","M","W000800","20750",16,-1.24869406378135,-1.43889743833904,-1.07514868497511,"Welch (D VT-1)"
"Wenstrup","Brad","OH","2","R","M","W000815",NA,13,1.13127595273721,0.91498119032174,1.31822381914511,"Wenstrup (R OH-2)"
"Westmoreland","Lynn","GA","3","R","M","W000796","20506",66,1.1102132990214,0.926850137309031,1.29916238470238,"Westmoreland (R GA-3)"
"Whitfield","Edward","KY","1","R","M","W000413","29525",21,0.754694440458696,0.61948757331909,0.885988469365148,"Whitfield (R KY-1)"
"Williams","Roger","TX","25","R","M","W000816",NA,9,1.20834198598198,0.993263991162836,1.45351127340178,"Williams (R TX-25)"
"Wilson","Frederica","FL","24","D","F","W000808",NA,21,-1.43634072944764,-1.6583143420727,-1.20962206733691,"Wilson (D FL-24)"
"Wilson","Joe","SC","2","R","M","W000795","20138",7,1.20413907504408,0.986096477119588,1.40704208448964,"Wilson (R SC-2)"
"Wittman","Robert","VA","1","R","M","W000804","99997",6,0.750358468524449,0.622907856431392,0.88402100940892,"Wittman (R VA-1)"
"Wolf","Frank","VA","10","R","M","W000672","14869",19,0.484572257709401,0.388953162372628,0.575106377836652,"Wolf (R VA-10)"
"Womack","Steve","AR","3","R","M","W000809",NA,3,0.848261935550419,0.710108673714925,1.00592461060549,"Womack (R AR-3)"
"Woodall","Rob","GA","7","R","M","W000810",NA,10,0.9822934203813,0.821808122529532,1.14239990693044,"Woodall (R GA-7)"
"Yarmuth","John","KY","3","D","M","Y000062","20723",43,-1.14805035254903,-1.32376577318479,-0.990507463399078,"Yarmuth (D KY-3)"
"Yoder","Kevin","KS","3","R","M","Y000063",NA,10,0.9714261223683,0.811726726089515,1.1394232498515,"Yoder (R KS-3)"
"Yoho","Ted","FL","3","R","M","Y000065",NA,9,0.91910721879668,0.785057918209228,1.08061092948738,"Yoho (R FL-3)"
"Young","Don","AK","1","R","M","Y000033","14066",87,0.488085287885868,0.390261653349105,0.57623123982729,"Young (R AK-1)"
"Young","C. W. Bill","FL","13","R","M","Y000031","13047",359,0.683105310609465,0.542920422083922,0.830041510130937,"Young (R FL-13)"
"Young","Todd","IN","9","R","M","Y000064",NA,12,0.911925863871941,0.763452290731665,1.07275620502843,"Young (R IN-9)"
